{"files":{"index.html":{"frameworks":["NotationUnicorn Version 0.10 (Alpha)","pg.asset.manager","pg.project.items","pg.code-validator","pg.bs4.lib","pg.image.overlay","pg.css.grid","pg.insight.events","bs4","pg.html","pg.components"],"last_page_width":821},"MCNotes.html":{"frameworks":["MCNotes","pg.insight.events","pg.css.grid","pg.image.overlay","pg.code-validator","pg.project.items","pg.asset.manager","pg.html","pg.components"],"last_page_width":1024},"MCNotes(original).html":{"frameworks":["MCNotes","pg.insight.events","pg.css.grid","pg.image.overlay","pg.code-validator","pg.project.items","pg.asset.manager","pg.html","pg.components"],"last_page_width":1024}},"breakpoints":["576px","768px","992px","1200px"],"frameworks":["NotationUnicorn Version 0.10 (Alpha)","pg.asset.manager","pg.project.items","pg.code-validator","pg.bs4.lib","pg.image.overlay","pg.css.grid","pg.insight.events","bs4","pg.html","pg.components"],"template_framework_id":"bootstrap"}